id,name,email
1,shofiq1,mailbox2shohag@gmail.com
2,shofiq2,mailbox2shohag@gmail.com
3,shofiq3,mailbox2shohag@gmail.com
4,shofiq4,mailbox2shohag@gmail.com
5,shofiq5,mailbox2shohag@gmail.com
6,shofiq6,mailbox2shohag@gmail.com
7,shofiq7,mailbox2shohag@gmail.com
8,shofiq8,mailbox2shohag@gmail.com
9,shofiq9,mailbox2shohag@gmail.com
10,shofiq10,mailbox2shohag@gmail.com
11,shofiq11,mailbox2shohag@gmail.com
12,shofiq12,mailbox2shohag@gmail.com
13,shofiq13,mailbox2shohag@gmail.com
14,shofiq14,mailbox2shohag@gmail.com
15,shofiq15,mailbox2shohag@gmail.com
16,shofiq16,mailbox2shohag@gmail.com
17,shofiq17,mailbox2shohag@gmail.com
18,shofiq18,mailbox2shohag@gmail.com
19,shofiq19,mailbox2shohag@gmail.com
20,shofiq20,mailbox2shohag@gmail.com
21,shofiq10,mailbox2shohag@gmail.com
22,shofiq11,mailbox2shohag@gmail.com
23,shofiq12,mailbox2shohag@gmail.com
24,shofiq13,mailbox2shohag@gmail.com
25,shofiq14,mailbox2shohag@gmail.com
26,shofiq15,mailbox2shohag@gmail.com
27,shofiq16,mailbox2shohag@gmail.com
28,shofiq17,mailbox2shohag@gmail.com
29,shofiq18,mailbox2shohag@gmail.com
30,shofiq19,mailbox2shohag@gmail.com
31,shofiq20,mailbox2shohag@gmail.com
32,shofiq10,mailbox2shohag@gmail.com
33,shofiq11,mailbox2shohag@gmail.com
34,shofiq12,mailbox2shohag@gmail.com
35,shofiq13,mailbox2shohag@gmail.com
36,shofiq15,mailbox2shohag@gmail.com
37,shofiq16,mailbox2shohag@gmail.com
38,shofiq17,mailbox2shohag@gmail.com
39,shofiq18,mailbox2shohag@gmail.com
40,shofiq19,mailbox2shohag@gmail.com
41,shofiq20,mailbox2shohag@gmail.com
42,shofiq20,mailbox2shohag@gmail.com
43,shofiq20,mailbox2shohag@gmail.com
44,shofiq20,mailbox2shohag@gmail.com
45,shofiq20,mailbox2shohag@gmail.com
46,shofiq20,mailbox2shohag@gmail.com
47,shofiq20,mailbox2shohag@gmail.com
48,shofiq20,mailbox2shohag@gmail.com
49,shofiq20,mailbox2shohag@gmail.com
50,shofiq50,mailbox2shohag@gmail.com